,player,x_start,y_start,recipient_name,x_end,y_end,pass_type,pass_outcome
0,Ciro Immobile,60.0,40.0,Marco Verratti,49.5,33.2,Kick Off,
1,Marco Verratti,48.0,35.7,Giovanni Di Lorenzo,39.0,70.7,,
2,Giovanni Di Lorenzo,39.2,68.4,Leonardo Bonucci,24.9,46.7,,
3,Leonardo Bonucci,25.3,46.4,Giorgio Chiellini,24.4,17.7,,
4,Giorgio Chiellini,23.9,18.6,Leonardo Bonucci,16.4,44.1,,
5,Leonardo Bonucci,16.2,44.3,Gianluigi Donnarumma,6.8,20.7,,
6,Gianluigi Donnarumma,6.4,20.4,Ciro Immobile,59.4,12.4,,Incomplete
7,Lorenzo Insigne,120.0,80.0,Leonardo Bonucci,110.4,41.3,Corner,Incomplete
8,Ciro Immobile,60.0,40.0,Jorge Luiz Frello Filho,43.1,45.2,Kick Off,
9,Jorge Luiz Frello Filho,43.0,49.9,Giovanni Di Lorenzo,52.9,75.2,,
10,Giovanni Di Lorenzo,62.5,77.1,Federico Chiesa,83.2,69.1,,
11,Federico Chiesa,83.1,69.0,Ciro Immobile,81.5,59.3,,
12,Ciro Immobile,80.0,59.1,Lorenzo Insigne,84.1,28.1,,Incomplete
13,Giorgio Chiellini,33.1,29.2,Emerson Palmieri dos Santos,41.3,15.6,Recovery,
14,Emerson Palmieri dos Santos,38.8,15.1,Marco Verratti,44.7,18.6,,
15,Marco Verratti,44.7,18.6,Jorge Luiz Frello Filho,37.5,28.9,,
16,Jorge Luiz Frello Filho,35.2,31.1,Leonardo Bonucci,26.9,43.4,,
17,Leonardo Bonucci,35.8,46.4,Ciro Immobile,65.4,44.3,,
18,Ciro Immobile,65.4,44.3,Jorge Luiz Frello Filho,56.8,43.4,,
19,Jorge Luiz Frello Filho,72.0,47.0,Nicolò Barella,80.2,63.0,,
20,Nicolò Barella,83.5,64.1,Federico Chiesa,101.3,56.4,,Incomplete
21,Giovanni Di Lorenzo,21.4,73.7,Gianluigi Donnarumma,3.5,45.6,Free Kick,
22,Gianluigi Donnarumma,7.9,40.6,Marco Verratti,17.6,41.4,,
23,Marco Verratti,29.6,48.1,Giovanni Di Lorenzo,40.4,72.9,,
24,Giovanni Di Lorenzo,56.3,73.2,Ciro Immobile,66.2,63.7,,
25,Ciro Immobile,66.2,63.7,Marco Verratti,50.0,73.2,,
26,Marco Verratti,48.9,69.8,Leonardo Bonucci,36.0,44.1,,
27,Leonardo Bonucci,43.8,44.7,Marco Verratti,48.9,53.4,,
28,Marco Verratti,48.3,52.2,Jorge Luiz Frello Filho,54.3,40.0,,
29,Marco Verratti,50.9,41.9,Emerson Palmieri dos Santos,55.9,11.5,Free Kick,
30,Emerson Palmieri dos Santos,63.7,14.1,Ciro Immobile,79.4,21.6,,
31,Ciro Immobile,79.4,21.6,Lorenzo Insigne,80.8,2.0,,
32,Lorenzo Insigne,80.8,3.7,Marco Verratti,75.3,8.1,,
33,Marco Verratti,79.1,9.4,Lorenzo Insigne,97.7,0.3,,
34,Lorenzo Insigne,103.1,5.0,Marco Verratti,92.7,11.2,,
35,Marco Verratti,92.6,13.9,Nicolò Barella,91.6,38.9,,
36,Nicolò Barella,90.3,49.2,Federico Chiesa,95.6,68.2,,
37,Federico Chiesa,90.5,55.3,Ciro Immobile,98.4,48.1,,Incomplete
38,Leonardo Bonucci,67.1,36.5,Ciro Immobile,96.9,32.5,Recovery,Incomplete
39,Jorge Luiz Frello Filho,68.4,39.6,Nicolò Barella,79.8,51.3,Interception,Incomplete
40,Emerson Palmieri dos Santos,69.4,0.1,Giorgio Chiellini,53.7,4.6,Throw-in,
41,Giorgio Chiellini,54.3,6.5,Leonardo Bonucci,42.2,31.5,,
42,Leonardo Bonucci,43.4,33.5,Giovanni Di Lorenzo,54.6,63.4,,
43,Giovanni Di Lorenzo,61.2,64.7,Federico Chiesa,104.6,74.2,,
44,Lorenzo Insigne,56.7,35.9,Giorgio Chiellini,46.4,39.6,Recovery,Incomplete
45,Marco Verratti,13.0,28.1,Jorge Luiz Frello Filho,11.0,32.3,Recovery,
46,Jorge Luiz Frello Filho,11.2,32.2,Ciro Immobile,27.2,25.3,,
47,Ciro Immobile,27.2,25.3,Lorenzo Insigne,33.9,7.3,,
48,Emerson Palmieri dos Santos,43.4,2.7,Leonardo Bonucci,34.7,30.5,Free Kick,
49,Leonardo Bonucci,35.2,36.7,Marco Verratti,47.8,25.7,,
50,Marco Verratti,55.7,26.3,Lorenzo Insigne,61.6,13.3,,
51,Lorenzo Insigne,69.0,13.3,Jorge Luiz Frello Filho,66.9,23.4,,
52,Jorge Luiz Frello Filho,66.9,23.4,Marco Verratti,66.6,17.2,,
53,Marco Verratti,74.9,13.7,Lorenzo Insigne,80.2,3.7,,
54,Lorenzo Insigne,83.1,6.5,Ciro Immobile,113.8,36.7,,Incomplete
55,Gianluigi Donnarumma,16.8,37.5,Ciro Immobile,29.7,35.4,,
56,Gianluigi Donnarumma,10.7,33.9,Emerson Palmieri dos Santos,28.9,13.9,,
57,Emerson Palmieri dos Santos,35.4,8.7,Lorenzo Insigne,49.5,1.7,,
58,Lorenzo Insigne,47.4,1.6,Marco Verratti,36.5,10.7,,
59,Marco Verratti,36.7,9.9,Lorenzo Insigne,47.6,2.9,,
60,Lorenzo Insigne,53.8,6.8,Marco Verratti,49.5,11.6,,
61,Marco Verratti,49.6,12.2,Leonardo Bonucci,41.7,40.6,,
62,Leonardo Bonucci,42.9,41.8,Jorge Luiz Frello Filho,57.8,42.6,,
63,Jorge Luiz Frello Filho,57.2,48.3,Leonardo Bonucci,57.4,35.6,,
64,Leonardo Bonucci,57.1,35.6,Marco Verratti,64.5,10.8,,
65,Marco Verratti,69.8,15.2,Leonardo Bonucci,56.5,34.0,,
66,Leonardo Bonucci,57.6,36.1,Jorge Luiz Frello Filho,63.2,50.0,,
67,Jorge Luiz Frello Filho,74.9,60.4,Giovanni Di Lorenzo,82.4,77.1,,
68,Giovanni Di Lorenzo,82.4,77.1,Jorge Luiz Frello Filho,82.3,66.3,,
69,Jorge Luiz Frello Filho,84.0,63.7,Marco Verratti,78.7,47.9,,
70,Marco Verratti,78.7,45.1,Emerson Palmieri dos Santos,91.6,35.4,,
71,Gianluigi Donnarumma,32.3,13.3,Giorgio Chiellini,42.2,11.5,,
72,Giorgio Chiellini,42.1,9.9,Leonardo Bonucci,45.9,42.3,,
73,Leonardo Bonucci,47.8,45.1,Giovanni Di Lorenzo,63.3,74.2,,
74,Giovanni Di Lorenzo,66.2,76.0,Nicolò Barella,75.7,75.0,,Incomplete
75,Nicolò Barella,62.5,80.0,Giovanni Di Lorenzo,52.9,76.2,Throw-in,
76,Giovanni Di Lorenzo,52.5,76.3,Federico Chiesa,63.8,69.9,,
77,Federico Chiesa,63.8,69.9,Jorge Luiz Frello Filho,49.9,61.6,,
78,Jorge Luiz Frello Filho,63.8,49.6,Marco Verratti,56.5,39.2,,
79,Marco Verratti,56.8,37.6,Giorgio Chiellini,63.7,17.3,,
80,Giorgio Chiellini,63.7,17.7,Marco Verratti,62.8,27.2,,
81,Marco Verratti,68.6,24.4,Lorenzo Insigne,71.5,5.2,,
82,Lorenzo Insigne,71.9,6.9,Marco Verratti,71.9,20.7,,
83,Marco Verratti,65.9,22.8,Giorgio Chiellini,55.5,16.6,,
84,Giorgio Chiellini,55.5,16.6,Leonardo Bonucci,51.2,38.3,,
85,Leonardo Bonucci,51.2,38.3,Jorge Luiz Frello Filho,63.7,37.5,,
86,Jorge Luiz Frello Filho,74.5,45.8,Emerson Palmieri dos Santos,106.8,23.2,,Pass Offside
87,Gianluigi Donnarumma,6.0,44.0,Leonardo Bonucci,2.1,57.2,Goal Kick,
88,Leonardo Bonucci,3.2,56.6,Gianluigi Donnarumma,5.8,38.6,,
89,Gianluigi Donnarumma,7.3,39.7,Leonardo Bonucci,6.0,54.3,,
90,Leonardo Bonucci,6.5,57.9,Nicolò Barella,43.5,58.3,,Incomplete
91,Jorge Luiz Frello Filho,42.5,58.3,Leonardo Bonucci,28.4,53.8,,
92,Leonardo Bonucci,33.0,53.0,Lorenzo Insigne,78.7,2.9,,
93,Lorenzo Insigne,78.5,5.7,,98.4,30.5,,Incomplete
94,Emerson Palmieri dos Santos,107.2,0.1,Lorenzo Insigne,95.7,2.9,Throw-in,
95,Lorenzo Insigne,85.8,16.8,Leonardo Bonucci,71.1,30.9,,
96,Leonardo Bonucci,69.0,31.5,Giovanni Di Lorenzo,71.6,57.0,,
97,Giovanni Di Lorenzo,73.7,64.1,Federico Chiesa,96.1,79.8,,Out
98,Emerson Palmieri dos Santos,77.4,0.1,Lorenzo Insigne,80.6,5.2,Throw-in,
99,Lorenzo Insigne,80.2,5.4,Emerson Palmieri dos Santos,80.2,0.7,,
100,Emerson Palmieri dos Santos,80.2,0.7,Marco Verratti,74.1,1.0,,
101,Marco Verratti,72.8,2.4,Leonardo Bonucci,55.7,32.3,,
102,Leonardo Bonucci,81.4,36.7,Marco Verratti,87.2,19.7,,Incomplete
103,Lorenzo Insigne,8.6,6.5,Emerson Palmieri dos Santos,1.6,14.9,Recovery,
104,Emerson Palmieri dos Santos,1.6,14.9,,18.1,0.1,,Out
105,Emerson Palmieri dos Santos,36.0,0.1,Nicolò Barella,36.7,6.1,Throw-in,
106,Nicolò Barella,37.5,6.9,Emerson Palmieri dos Santos,35.8,2.0,,
107,Emerson Palmieri dos Santos,35.8,2.0,Lorenzo Insigne,52.4,6.9,,Incomplete
108,Giorgio Chiellini,6.0,36.0,Gianluigi Donnarumma,4.5,41.3,Goal Kick,
109,Gianluigi Donnarumma,6.8,43.4,Ciro Immobile,59.7,46.7,,
110,Ciro Immobile,63.2,53.8,Federico Chiesa,91.2,77.1,,
111,Federico Chiesa,110.9,64.7,Lorenzo Insigne,110.4,45.2,,Incomplete
112,Giovanni Di Lorenzo,76.8,55.9,Marco Verratti,79.1,57.4,Recovery,Incomplete
113,Jorge Luiz Frello Filho,28.9,33.6,Marco Verratti,16.4,36.7,Recovery,
114,Marco Verratti,16.4,36.7,Gianluigi Donnarumma,2.9,37.9,,
115,Gianluigi Donnarumma,5.2,38.8,Ciro Immobile,42.7,17.6,,
116,Lorenzo Insigne,98.3,17.6,Ciro Immobile,104.6,37.0,,Incomplete
117,Emerson Palmieri dos Santos,12.7,7.7,Giorgio Chiellini,7.9,21.5,Free Kick,
118,Giorgio Chiellini,7.9,23.2,Leonardo Bonucci,9.0,43.0,,
119,Leonardo Bonucci,25.7,50.8,Giovanni Di Lorenzo,41.4,73.6,,
120,Giovanni Di Lorenzo,40.4,73.2,Leonardo Bonucci,28.9,50.8,,
121,Leonardo Bonucci,35.2,40.1,Ciro Immobile,74.5,52.6,,Incomplete
122,Nicolò Barella,48.5,15.6,Lorenzo Insigne,56.7,19.8,,
123,Lorenzo Insigne,56.7,19.8,Jorge Luiz Frello Filho,54.7,27.6,,
124,Jorge Luiz Frello Filho,54.7,27.6,Lorenzo Insigne,58.7,16.9,,
125,Lorenzo Insigne,65.0,17.6,Nicolò Barella,72.9,20.6,,
126,Nicolò Barella,79.3,8.2,Emerson Palmieri dos Santos,90.9,0.8,,
127,Emerson Palmieri dos Santos,90.9,0.8,Nicolò Barella,83.2,1.0,,
128,Nicolò Barella,78.1,2.0,Giorgio Chiellini,58.6,12.8,,
129,Giorgio Chiellini,58.0,14.7,Leonardo Bonucci,53.9,35.6,,
130,Leonardo Bonucci,56.8,35.4,Jorge Luiz Frello Filho,66.2,31.0,,
131,Jorge Luiz Frello Filho,71.3,28.1,Giorgio Chiellini,63.4,14.9,,
132,Giorgio Chiellini,63.3,16.9,Leonardo Bonucci,57.6,36.7,,
133,Leonardo Bonucci,62.8,43.7,Giovanni Di Lorenzo,69.4,73.7,,
134,Giovanni Di Lorenzo,69.4,74.2,Jorge Luiz Frello Filho,70.6,51.4,,
135,Jorge Luiz Frello Filho,70.6,51.4,Marco Verratti,69.6,56.6,,
136,Marco Verratti,69.6,56.6,Ciro Immobile,80.0,53.9,,
137,Ciro Immobile,84.1,64.6,Federico Chiesa,81.4,70.3,,
138,Federico Chiesa,81.4,70.3,Jorge Luiz Frello Filho,74.6,61.2,,
139,Jorge Luiz Frello Filho,76.1,59.3,Marco Verratti,76.6,38.8,,
140,Marco Verratti,76.4,40.1,Lorenzo Insigne,84.1,37.2,,
141,Emerson Palmieri dos Santos,78.3,1.7,Marco Verratti,75.7,7.1,Recovery,Incomplete
142,Giovanni Di Lorenzo,19.4,80.0,Leonardo Bonucci,8.1,69.5,Throw-in,
143,Leonardo Bonucci,8.2,68.0,Jorge Luiz Frello Filho,17.4,55.5,,
144,Jorge Luiz Frello Filho,25.2,33.9,Nicolò Barella,37.1,51.4,,
145,Nicolò Barella,31.4,48.7,Jorge Luiz Frello Filho,35.6,38.9,,
146,Jorge Luiz Frello Filho,37.5,38.8,Ciro Immobile,59.1,38.3,,Incomplete
147,Jorge Luiz Frello Filho,24.0,57.2,Leonardo Bonucci,21.1,49.9,,
148,Leonardo Bonucci,23.2,49.1,Jorge Luiz Frello Filho,25.5,57.2,,
149,Jorge Luiz Frello Filho,36.2,60.8,Nicolò Barella,52.1,72.9,,
150,Nicolò Barella,54.3,73.2,Giovanni Di Lorenzo,40.8,73.8,,
151,Giovanni Di Lorenzo,40.8,69.0,Leonardo Bonucci,31.9,51.7,,
152,Leonardo Bonucci,44.3,45.4,Marco Verratti,46.4,32.5,,
153,Marco Verratti,46.4,32.5,Lorenzo Insigne,63.8,21.6,,
154,Lorenzo Insigne,64.2,22.4,Ciro Immobile,69.8,29.8,,
155,Ciro Immobile,68.1,29.8,Jorge Luiz Frello Filho,61.1,44.7,,
156,Jorge Luiz Frello Filho,60.8,45.1,Giovanni Di Lorenzo,56.8,56.4,,
157,Giovanni Di Lorenzo,56.8,56.4,Nicolò Barella,72.8,64.7,,
158,Nicolò Barella,72.9,66.3,Giovanni Di Lorenzo,62.5,62.1,,
159,Giovanni Di Lorenzo,61.5,60.9,Leonardo Bonucci,53.0,38.6,,
160,Leonardo Bonucci,53.0,38.6,Giorgio Chiellini,61.9,18.0,,
161,Giorgio Chiellini,68.8,11.6,Lorenzo Insigne,79.1,13.9,,
162,Lorenzo Insigne,79.1,13.9,Giorgio Chiellini,68.4,8.1,,
163,Giorgio Chiellini,64.9,8.7,Leonardo Bonucci,49.1,30.1,,
164,Leonardo Bonucci,52.6,34.6,Federico Chiesa,99.6,60.4,,Incomplete
165,Leonardo Bonucci,59.9,70.7,Ciro Immobile,92.6,60.0,Interception,Incomplete
166,Giorgio Chiellini,57.4,38.9,Lorenzo Insigne,57.8,16.2,Recovery,
167,Lorenzo Insigne,57.4,14.7,Emerson Palmieri dos Santos,41.8,16.4,,
168,Emerson Palmieri dos Santos,43.5,16.9,Marco Verratti,47.9,28.9,,
169,Marco Verratti,49.6,32.2,Jorge Luiz Frello Filho,58.6,36.7,,
170,Jorge Luiz Frello Filho,58.2,36.7,Marco Verratti,50.3,36.7,,
171,Marco Verratti,56.8,29.8,Emerson Palmieri dos Santos,59.9,5.4,,
172,Emerson Palmieri dos Santos,69.0,6.8,Lorenzo Insigne,69.9,2.4,,
173,Lorenzo Insigne,68.1,5.0,Leonardo Bonucci,54.7,36.9,,
174,Leonardo Bonucci,56.8,39.2,Giorgio Chiellini,56.3,25.9,,
175,Giorgio Chiellini,56.3,26.1,Marco Verratti,74.4,6.9,,
176,Marco Verratti,79.1,7.3,Jorge Luiz Frello Filho,75.0,19.8,,
177,Jorge Luiz Frello Filho,73.2,23.4,Giorgio Chiellini,64.2,21.4,,
178,Giorgio Chiellini,63.8,21.5,Leonardo Bonucci,54.7,37.6,,
179,Leonardo Bonucci,55.5,36.1,Giorgio Chiellini,57.1,24.7,,
180,Giorgio Chiellini,56.8,24.9,Jorge Luiz Frello Filho,68.1,31.0,,
181,Jorge Luiz Frello Filho,70.3,30.2,Lorenzo Insigne,82.4,18.5,,
182,Lorenzo Insigne,101.7,23.2,Ciro Immobile,102.2,29.2,,Incomplete
183,Marco Verratti,105.9,24.7,Jorge Luiz Frello Filho,83.6,39.7,,
184,Jorge Luiz Frello Filho,79.3,45.2,Giovanni Di Lorenzo,84.8,68.0,,
185,Giovanni Di Lorenzo,85.6,68.0,Nicolò Barella,93.9,65.7,,
186,Nicolò Barella,94.0,65.4,Federico Chiesa,99.6,77.7,,
187,Federico Chiesa,97.8,76.9,Nicolò Barella,93.4,72.9,,
188,Nicolò Barella,93.0,76.6,Jorge Luiz Frello Filho,91.0,65.5,,
189,Jorge Luiz Frello Filho,91.0,66.3,Federico Chiesa,93.4,72.0,,
190,Federico Chiesa,91.2,71.2,Nicolò Barella,75.7,58.9,,
191,Nicolò Barella,71.5,46.2,Marco Verratti,78.5,37.6,,
192,Marco Verratti,78.5,37.6,Nicolò Barella,72.4,38.4,,
193,Nicolò Barella,71.6,32.2,Giorgio Chiellini,76.8,11.1,,
194,Giorgio Chiellini,73.3,17.3,Leonardo Bonucci,63.2,37.6,,
195,Leonardo Bonucci,63.7,38.4,Marco Verratti,70.7,40.1,,
196,Marco Verratti,72.7,43.0,Jorge Luiz Frello Filho,79.8,52.9,,
197,Jorge Luiz Frello Filho,79.8,52.9,Marco Verratti,78.9,47.3,,
198,Marco Verratti,80.2,44.1,Nicolò Barella,76.8,30.9,,
199,Nicolò Barella,76.8,30.9,Lorenzo Insigne,83.9,21.0,,
200,Lorenzo Insigne,82.8,21.5,Giorgio Chiellini,91.8,11.1,,
201,Giorgio Chiellini,91.8,11.1,Lorenzo Insigne,83.9,18.1,,
202,Lorenzo Insigne,83.2,19.0,Marco Verratti,81.0,24.4,,
203,Marco Verratti,81.0,24.4,Nicolò Barella,76.4,14.5,,
204,Nicolò Barella,76.4,14.5,Lorenzo Insigne,82.4,18.6,,
205,Lorenzo Insigne,83.1,19.8,Marco Verratti,78.5,26.1,,
206,Marco Verratti,87.0,21.9,Emerson Palmieri dos Santos,102.6,5.7,,
207,Emerson Palmieri dos Santos,102.6,5.7,Lorenzo Insigne,100.9,13.7,,
208,Lorenzo Insigne,100.3,12.6,Marco Verratti,97.3,16.9,,
209,Marco Verratti,95.3,16.2,,95.6,15.6,,Incomplete
210,Emerson Palmieri dos Santos,98.1,10.4,Giorgio Chiellini,80.4,6.8,,
211,Giorgio Chiellini,78.7,9.4,Leonardo Bonucci,70.2,26.1,,
212,Leonardo Bonucci,70.2,26.1,Giorgio Chiellini,71.6,9.0,,
213,Giorgio Chiellini,71.6,9.0,Lorenzo Insigne,84.5,6.5,,
214,Lorenzo Insigne,84.9,9.9,Marco Verratti,80.4,16.2,,
215,Marco Verratti,95.7,23.8,Lorenzo Insigne,100.1,18.9,,
216,Lorenzo Insigne,104.2,18.9,Emerson Palmieri dos Santos,118.9,16.6,,
217,Emerson Palmieri dos Santos,118.9,17.7,,120.0,20.7,,Out
218,Leonardo Bonucci,12.7,32.3,Lorenzo Insigne,45.6,16.2,,Incomplete
219,Giorgio Chiellini,9.4,8.6,Lorenzo Insigne,28.8,2.5,,
220,Emerson Palmieri dos Santos,30.9,0.1,Marco Verratti,32.7,7.1,Throw-in,
221,Marco Verratti,33.0,6.9,Emerson Palmieri dos Santos,33.0,2.0,,
222,Emerson Palmieri dos Santos,36.4,2.5,Ciro Immobile,46.2,9.5,,
223,Ciro Immobile,42.9,7.7,Lorenzo Insigne,43.0,3.1,,
224,Lorenzo Insigne,42.1,2.0,Giovanni Di Lorenzo,28.6,49.9,,
225,Giovanni Di Lorenzo,28.6,52.1,Nicolò Barella,49.9,75.4,,
226,Nicolò Barella,49.9,75.4,Federico Chiesa,65.0,75.4,,
227,Giovanni Di Lorenzo,16.0,80.0,Jorge Luiz Frello Filho,14.4,72.8,Throw-in,
228,Jorge Luiz Frello Filho,14.1,73.6,Giovanni Di Lorenzo,20.7,76.9,,
229,Giovanni Di Lorenzo,20.7,76.9,Jorge Luiz Frello Filho,9.0,74.5,,
230,Jorge Luiz Frello Filho,7.9,74.2,Leonardo Bonucci,2.9,57.0,,
231,Leonardo Bonucci,2.9,57.0,Gianluigi Donnarumma,5.4,34.6,,
232,Gianluigi Donnarumma,7.3,34.8,Marco Verratti,9.0,35.4,,
233,Marco Verratti,8.6,38.4,Leonardo Bonucci,6.2,53.5,,
234,Leonardo Bonucci,6.2,53.5,Gianluigi Donnarumma,7.2,37.2,,
235,Gianluigi Donnarumma,8.5,36.3,Leonardo Bonucci,15.7,40.1,,
236,Leonardo Bonucci,17.6,41.7,Ciro Immobile,48.9,28.5,,
237,Ciro Immobile,48.9,28.5,Marco Verratti,47.9,43.4,,Incomplete
238,Federico Chiesa,43.8,80.0,Giovanni Di Lorenzo,33.0,76.3,Throw-in,
239,Giovanni Di Lorenzo,33.0,76.3,Leonardo Bonucci,19.7,58.6,,
240,Leonardo Bonucci,29.7,55.3,Emerson Palmieri dos Santos,69.9,1.6,,
241,Emerson Palmieri dos Santos,69.9,1.6,Giorgio Chiellini,58.4,5.4,,
242,Giorgio Chiellini,64.9,6.1,Emerson Palmieri dos Santos,69.9,1.6,,
243,Lorenzo Insigne,78.7,27.1,Ciro Immobile,89.3,20.3,,Pass Offside
244,Gianluigi Donnarumma,6.0,36.0,Leonardo Bonucci,7.3,44.4,Goal Kick,
245,Leonardo Bonucci,24.9,40.9,Giorgio Chiellini,25.5,22.0,,
246,Giorgio Chiellini,25.5,22.0,Gianluigi Donnarumma,11.6,36.1,,
247,Gianluigi Donnarumma,11.9,34.8,Leonardo Bonucci,13.6,45.6,,
248,Leonardo Bonucci,14.1,46.7,Giovanni Di Lorenzo,24.2,72.9,,
249,Giovanni Di Lorenzo,27.2,75.2,Jorge Luiz Frello Filho,36.0,62.0,,
250,Jorge Luiz Frello Filho,40.0,62.6,Nicolò Barella,58.6,55.7,,
251,Nicolò Barella,63.4,46.7,Emerson Palmieri dos Santos,78.7,6.4,,
252,Emerson Palmieri dos Santos,99.6,15.1,Lorenzo Insigne,103.8,8.5,,
253,Lorenzo Insigne,103.8,8.5,Emerson Palmieri dos Santos,110.4,15.6,,
254,Emerson Palmieri dos Santos,110.4,16.0,Ciro Immobile,106.9,26.1,,Incomplete
255,Leonardo Bonucci,61.5,22.8,Giorgio Chiellini,65.5,18.2,,
256,Giorgio Chiellini,65.5,18.2,Leonardo Bonucci,44.3,21.4,,
257,Leonardo Bonucci,43.9,21.6,Giovanni Di Lorenzo,46.0,39.3,,
258,Giovanni Di Lorenzo,46.6,39.2,Jorge Luiz Frello Filho,53.9,42.3,,
259,Jorge Luiz Frello Filho,63.8,53.1,Leonardo Bonucci,51.7,36.5,,
260,Leonardo Bonucci,51.7,35.9,Giorgio Chiellini,62.0,13.2,,
261,Giorgio Chiellini,62.0,13.2,Lorenzo Insigne,64.2,2.9,,
262,Lorenzo Insigne,62.8,3.1,Leonardo Bonucci,48.5,28.5,,
263,Leonardo Bonucci,42.6,29.4,Jorge Luiz Frello Filho,50.3,57.0,,
264,Jorge Luiz Frello Filho,65.0,60.9,Giovanni Di Lorenzo,77.4,76.9,,
265,Giovanni Di Lorenzo,77.4,76.3,Ciro Immobile,82.4,63.0,,
266,Ciro Immobile,86.6,60.5,Nicolò Barella,87.4,63.4,,Incomplete
267,Ciro Immobile,90.9,61.7,Nicolò Barella,89.7,64.3,,
268,Marco Verratti,89.7,64.3,Giovanni Di Lorenzo,110.4,37.9,Free Kick,Incomplete
269,Federico Chiesa,94.3,41.1,Jorge Luiz Frello Filho,100.0,22.7,Recovery,
270,Jorge Luiz Frello Filho,98.9,23.9,Emerson Palmieri dos Santos,104.6,17.3,,
271,Emerson Palmieri dos Santos,103.0,12.9,Jorge Luiz Frello Filho,85.6,19.0,,
272,Jorge Luiz Frello Filho,84.9,18.9,Lorenzo Insigne,81.4,28.5,,
273,Lorenzo Insigne,81.4,28.5,Jorge Luiz Frello Filho,83.1,18.1,,
274,Jorge Luiz Frello Filho,91.6,16.0,Emerson Palmieri dos Santos,105.2,2.5,,
275,Emerson Palmieri dos Santos,105.2,2.5,Federico Chiesa,96.7,6.0,,
276,Federico Chiesa,98.4,9.5,Lorenzo Insigne,86.5,18.9,,
277,Lorenzo Insigne,86.5,18.9,Jorge Luiz Frello Filho,88.2,12.4,,
278,Jorge Luiz Frello Filho,89.7,12.0,Marco Verratti,82.3,21.6,,
279,Marco Verratti,87.0,21.1,Emerson Palmieri dos Santos,100.1,5.2,,
280,Emerson Palmieri dos Santos,98.6,5.7,Jorge Luiz Frello Filho,84.1,12.2,,
281,Jorge Luiz Frello Filho,84.5,12.6,Marco Verratti,79.1,21.1,,
282,Marco Verratti,79.4,21.0,Emerson Palmieri dos Santos,96.5,5.0,,
283,Emerson Palmieri dos Santos,99.0,5.0,,101.7,7.4,,Incomplete
284,Emerson Palmieri dos Santos,103.5,0.1,Lorenzo Insigne,116.0,4.6,Throw-in,
285,Leonardo Bonucci,41.2,22.8,Ciro Immobile,69.2,27.7,Recovery,Incomplete
286,Marco Verratti,60.8,33.9,Nicolò Barella,66.6,36.7,,
287,Gianluigi Donnarumma,13.0,34.2,Nicolò Barella,34.7,48.8,,
288,Nicolò Barella,39.4,50.9,Jorge Luiz Frello Filho,39.2,35.7,,
289,Jorge Luiz Frello Filho,54.7,39.3,Nicolò Barella,71.0,51.4,,
290,Giorgio Chiellini,28.9,45.4,Nicolò Barella,30.2,65.5,Recovery,
291,Nicolò Barella,29.6,62.5,Jorge Luiz Frello Filho,31.9,54.7,,
292,Jorge Luiz Frello Filho,33.5,55.9,Giovanni Di Lorenzo,22.4,61.6,,
293,Giovanni Di Lorenzo,22.4,61.6,Nicolò Barella,31.8,65.5,,
294,Nicolò Barella,28.0,65.4,Jorge Luiz Frello Filho,29.6,55.1,,
295,Jorge Luiz Frello Filho,28.6,54.9,Giovanni Di Lorenzo,14.9,65.1,,
296,Giovanni Di Lorenzo,15.5,55.9,Gianluigi Donnarumma,15.1,35.9,,
297,Gianluigi Donnarumma,18.4,34.8,Marco Verratti,36.2,33.5,,
298,Marco Verratti,35.2,35.2,Jorge Luiz Frello Filho,35.2,42.7,,
299,Jorge Luiz Frello Filho,35.2,42.7,Ciro Immobile,48.3,35.9,,
300,Ciro Immobile,48.3,35.9,Jorge Luiz Frello Filho,37.3,41.0,,
301,Jorge Luiz Frello Filho,52.1,40.0,Lorenzo Insigne,93.5,10.8,,
302,Lorenzo Insigne,118.1,6.9,Marco Verratti,110.4,6.9,,
303,Marco Verratti,111.5,7.3,Emerson Palmieri dos Santos,102.6,4.7,,
304,Federico Chiesa,93.5,32.5,Giovanni Di Lorenzo,83.2,52.9,Recovery,
305,Giovanni Di Lorenzo,83.2,52.9,Nicolò Barella,91.6,66.9,,
306,Nicolò Barella,92.3,68.6,Giovanni Di Lorenzo,77.9,65.5,,
307,Giovanni Di Lorenzo,78.3,59.3,Leonardo Bonucci,68.2,37.6,,
308,Leonardo Bonucci,71.6,33.5,Marco Verratti,79.8,30.2,,
309,Marco Verratti,84.1,24.4,Jorge Luiz Frello Filho,76.8,35.7,,
310,Jorge Luiz Frello Filho,77.7,37.6,Giovanni Di Lorenzo,81.9,58.7,,
311,Giovanni Di Lorenzo,88.2,66.3,Nicolò Barella,84.9,55.9,,
312,Nicolò Barella,86.2,55.9,Marco Verratti,79.8,40.1,,
313,Marco Verratti,81.8,38.8,Lorenzo Insigne,115.5,21.6,,
314,Emerson Palmieri dos Santos,91.6,0.1,Ciro Immobile,94.4,8.2,Throw-in,
315,Ciro Immobile,94.4,8.2,Emerson Palmieri dos Santos,93.1,1.7,,
316,Giorgio Chiellini,61.2,4.4,Ciro Immobile,74.0,5.6,Recovery,Incomplete
317,Emerson Palmieri dos Santos,88.7,0.1,Jorge Luiz Frello Filho,82.4,2.9,Throw-in,
318,Jorge Luiz Frello Filho,82.4,2.9,Lorenzo Insigne,90.3,4.8,,Incomplete
319,Lorenzo Insigne,90.5,15.6,Federico Chiesa,104.7,57.8,,Incomplete
320,Giovanni Di Lorenzo,84.8,80.0,Jorge Luiz Frello Filho,83.2,63.8,Throw-in,
321,Jorge Luiz Frello Filho,83.2,63.8,Giovanni Di Lorenzo,88.6,76.0,,
322,Giovanni Di Lorenzo,100.7,71.6,Ciro Immobile,107.7,42.6,,
323,Jorge Luiz Frello Filho,95.3,50.8,Marco Verratti,99.4,40.9,,
324,Giovanni Di Lorenzo,33.5,69.5,Federico Chiesa,52.0,72.8,Recovery,Incomplete
325,Giovanni Di Lorenzo,21.5,76.6,Nicolò Barella,21.1,77.7,Recovery,
326,Ciro Immobile,31.3,40.5,Emerson Palmieri dos Santos,26.9,21.0,Recovery,
327,Emerson Palmieri dos Santos,28.2,21.0,Lorenzo Insigne,40.4,7.4,,
328,Lorenzo Insigne,41.8,8.1,Ciro Immobile,74.1,28.0,,Incomplete
329,Marco Verratti,19.3,44.8,Jorge Luiz Frello Filho,26.7,51.3,Interception,
330,Jorge Luiz Frello Filho,34.7,57.6,Nicolò Barella,48.7,74.2,,
331,Nicolò Barella,52.5,74.1,Lorenzo Insigne,83.9,12.0,,
332,Lorenzo Insigne,83.9,12.0,Federico Chiesa,77.9,23.0,,
333,Federico Chiesa,78.5,24.2,Nicolò Barella,78.7,47.3,,
334,Nicolò Barella,76.4,40.4,Emerson Palmieri dos Santos,73.7,7.4,,
335,Emerson Palmieri dos Santos,73.7,7.4,Lorenzo Insigne,84.1,3.3,,
336,Lorenzo Insigne,83.6,7.1,Giorgio Chiellini,71.6,24.4,,
337,Giorgio Chiellini,71.6,24.4,Jorge Luiz Frello Filho,70.6,32.2,,
338,Jorge Luiz Frello Filho,73.6,29.7,Giorgio Chiellini,76.8,21.6,,
339,Giorgio Chiellini,77.1,20.7,Emerson Palmieri dos Santos,83.2,2.4,,
340,Emerson Palmieri dos Santos,89.3,6.5,Marco Verratti,91.2,2.9,,
341,Marco Verratti,91.4,9.8,Giorgio Chiellini,85.8,12.4,,
342,Giorgio Chiellini,86.2,13.9,Jorge Luiz Frello Filho,80.2,24.5,,
343,Jorge Luiz Frello Filho,80.4,28.1,Giovanni Di Lorenzo,84.9,55.1,,
344,Giovanni Di Lorenzo,85.7,57.6,Leonardo Bonucci,82.7,49.5,,
345,Emerson Palmieri dos Santos,25.3,4.0,Lorenzo Insigne,45.5,1.7,,
346,Lorenzo Insigne,52.1,4.8,Ciro Immobile,57.4,12.6,,
347,Ciro Immobile,57.4,13.2,Giorgio Chiellini,54.6,13.3,,
348,Ciro Immobile,65.8,5.7,Lorenzo Insigne,68.1,1.7,,
349,Lorenzo Insigne,68.1,1.7,Marco Verratti,57.6,3.5,,
350,Marco Verratti,62.4,7.4,Ciro Immobile,94.4,20.6,,Unknown
351,Giovanni Di Lorenzo,27.0,70.9,Federico Chiesa,33.8,80.0,Recovery,Out
352,Giovanni Di Lorenzo,48.9,80.0,Nicolò Barella,52.6,74.6,Throw-in,
353,Nicolò Barella,52.6,74.6,Giovanni Di Lorenzo,49.4,79.2,,
354,Giovanni Di Lorenzo,49.4,79.2,Nicolò Barella,52.0,77.7,,Incomplete
355,Giovanni Di Lorenzo,62.4,80.0,Nicolò Barella,58.1,73.4,Throw-in,
356,Nicolò Barella,58.1,73.4,Ciro Immobile,100.7,75.7,,Incomplete
357,Giovanni Di Lorenzo,99.3,80.0,Nicolò Barella,101.5,73.4,Throw-in,
358,Nicolò Barella,101.5,75.2,Giovanni Di Lorenzo,105.3,78.9,,
359,Giovanni Di Lorenzo,110.6,78.9,Ciro Immobile,111.2,74.3,,Incomplete
360,Giovanni Di Lorenzo,110.6,80.0,Federico Chiesa,106.1,75.4,Throw-in,
361,Federico Chiesa,105.3,73.0,Giovanni Di Lorenzo,105.3,80.0,,Out
362,Gianluigi Donnarumma,14.6,44.9,Giorgio Chiellini,30.3,34.8,,
363,Giorgio Chiellini,33.7,33.7,Jorge Luiz Frello Filho,33.7,48.3,,
364,Jorge Luiz Frello Filho,34.6,52.4,Giovanni Di Lorenzo,41.2,72.1,,
365,Giovanni Di Lorenzo,48.6,78.3,Nicolò Barella,56.6,70.7,,
366,Nicolò Barella,55.8,69.8,Jorge Luiz Frello Filho,47.1,64.9,,
367,Jorge Luiz Frello Filho,47.1,64.9,Leonardo Bonucci,32.6,61.7,,
368,Leonardo Bonucci,35.2,57.4,Giorgio Chiellini,40.4,22.3,,
369,Giorgio Chiellini,40.4,22.3,Marco Verratti,42.4,36.3,,
370,Marco Verratti,54.3,29.5,Lorenzo Insigne,65.5,18.8,,
371,Lorenzo Insigne,65.5,18.8,Giorgio Chiellini,54.6,18.0,,
372,Giorgio Chiellini,54.6,18.0,Leonardo Bonucci,40.6,39.7,,
373,Leonardo Bonucci,53.2,39.1,Ciro Immobile,99.5,22.3,,Incomplete
374,Emerson Palmieri dos Santos,69.2,0.1,Leonardo Bonucci,72.6,20.9,Throw-in,
375,Leonardo Bonucci,77.8,33.4,Giovanni Di Lorenzo,68.6,53.1,,
376,Giovanni Di Lorenzo,69.5,57.2,Nicolò Barella,89.8,74.9,,
377,Nicolò Barella,90.6,76.3,Giovanni Di Lorenzo,74.9,72.7,,
378,Giovanni Di Lorenzo,75.8,66.3,Leonardo Bonucci,69.8,45.5,,
379,Leonardo Bonucci,71.8,44.0,Giorgio Chiellini,74.1,29.8,,
380,Giorgio Chiellini,76.1,27.2,Marco Verratti,77.2,35.1,,
381,Marco Verratti,77.2,32.8,Giorgio Chiellini,71.8,24.3,,
382,Giorgio Chiellini,71.8,24.3,Leonardo Bonucci,64.7,38.6,,
383,Leonardo Bonucci,64.7,38.6,Lorenzo Insigne,84.4,37.7,,
384,Lorenzo Insigne,79.8,53.7,Jorge Luiz Frello Filho,74.3,58.6,,
385,Jorge Luiz Frello Filho,73.2,57.4,Leonardo Bonucci,65.8,40.9,,
386,Leonardo Bonucci,65.8,40.9,Marco Verratti,77.8,39.7,,
387,Marco Verratti,77.8,39.7,Leonardo Bonucci,64.1,43.5,,
388,Leonardo Bonucci,64.1,43.5,Giovanni Di Lorenzo,71.5,51.2,,
389,Giovanni Di Lorenzo,77.2,55.4,Federico Chiesa,97.2,64.9,,
390,Federico Chiesa,94.1,57.2,Lorenzo Insigne,95.8,40.0,,
391,Emerson Palmieri dos Santos,20.6,0.1,Giorgio Chiellini,6.1,20.3,Throw-in,
392,Giorgio Chiellini,6.1,21.4,Gianluigi Donnarumma,6.1,41.2,,
393,Gianluigi Donnarumma,8.8,47.5,Leonardo Bonucci,20.0,52.4,,
394,Leonardo Bonucci,20.0,52.4,Giovanni Di Lorenzo,13.7,75.2,,
395,Giovanni Di Lorenzo,13.7,75.2,Nicolò Barella,21.2,74.3,,Incomplete
396,Giovanni Di Lorenzo,26.7,80.0,Nicolò Barella,26.4,71.2,Throw-in,
397,Nicolò Barella,26.4,71.2,Giovanni Di Lorenzo,27.1,78.0,,
398,Giovanni Di Lorenzo,27.1,78.0,Nicolò Barella,22.1,74.3,,
399,Nicolò Barella,22.1,74.3,Giovanni Di Lorenzo,25.2,76.3,,Incomplete
400,Federico Chiesa,92.4,77.5,Lorenzo Insigne,114.1,23.7,,Incomplete
401,Giorgio Chiellini,85.6,22.3,Ciro Immobile,93.8,27.2,,
402,Ciro Immobile,79.8,40.9,Leonardo Bonucci,70.9,48.1,,
403,Leonardo Bonucci,69.8,45.5,Jorge Luiz Frello Filho,61.2,33.1,,
404,Jorge Luiz Frello Filho,56.6,28.9,Emerson Palmieri dos Santos,63.5,16.0,,
405,Emerson Palmieri dos Santos,98.7,15.7,Lorenzo Insigne,107.9,8.0,,
406,Giorgio Chiellini,36.7,21.9,Nicolò Barella,47.3,35.3,Recovery,Incomplete
407,Giovanni Di Lorenzo,28.1,38.8,Nicolò Barella,41.3,35.0,Recovery,
408,Nicolò Barella,42.1,35.1,Jorge Luiz Frello Filho,40.4,40.6,,
409,Jorge Luiz Frello Filho,40.4,40.6,Marco Verratti,48.0,30.3,,Incomplete
410,Giorgio Chiellini,7.0,36.1,Gianluigi Donnarumma,3.8,40.0,Goal Kick,
411,Gianluigi Donnarumma,3.8,41.7,Leonardo Bonucci,4.9,56.6,,
412,Leonardo Bonucci,19.8,56.0,Giovanni Di Lorenzo,36.3,77.7,,
413,Giovanni Di Lorenzo,36.3,77.7,Jorge Luiz Frello Filho,46.4,67.5,,
414,Jorge Luiz Frello Filho,62.1,64.9,Lorenzo Insigne,73.2,65.2,,
415,Lorenzo Insigne,77.8,66.1,Federico Chiesa,85.3,13.1,,
416,Giorgio Chiellini,72.6,12.5,Leonardo Bonucci,61.5,27.2,Recovery,
417,Leonardo Bonucci,62.4,27.2,Jorge Luiz Frello Filho,71.2,32.8,,
418,Jorge Luiz Frello Filho,69.8,39.7,Giovanni Di Lorenzo,72.6,65.2,,
419,Giovanni Di Lorenzo,85.3,71.2,Domenico Berardi,92.1,78.6,,
420,Domenico Berardi,75.8,66.3,Leonardo Bonucci,57.5,41.4,,
421,Leonardo Bonucci,58.6,39.7,Marco Verratti,71.5,32.3,,
422,Marco Verratti,84.7,28.6,Jorge Luiz Frello Filho,75.8,48.1,,
423,Jorge Luiz Frello Filho,92.4,62.0,Giovanni Di Lorenzo,95.2,76.9,,
424,Giovanni Di Lorenzo,95.2,76.9,Domenico Berardi,99.5,79.2,,
425,Leonardo Bonucci,79.2,77.5,Marco Verratti,84.1,73.0,Recovery,
426,Marco Verratti,84.1,73.0,Emerson Palmieri dos Santos,68.6,42.3,,
427,Emerson Palmieri dos Santos,73.8,39.4,Marco Verratti,74.6,47.5,,
428,Marco Verratti,74.6,47.5,Jorge Luiz Frello Filho,71.2,57.4,,
429,Jorge Luiz Frello Filho,77.2,64.3,Marco Verratti,77.2,47.2,,
430,Marco Verratti,87.6,52.1,Bryan Cristante,86.1,58.9,,
431,Bryan Cristante,83.3,58.6,Jorge Luiz Frello Filho,75.5,54.3,,
432,Jorge Luiz Frello Filho,75.5,54.3,Leonardo Bonucci,65.3,37.7,,
433,Leonardo Bonucci,71.5,34.8,Giorgio Chiellini,80.1,13.7,,
434,Giorgio Chiellini,80.1,13.7,Lorenzo Insigne,81.8,25.2,,
435,Lorenzo Insigne,78.9,27.5,Jorge Luiz Frello Filho,71.2,48.3,,
436,Jorge Luiz Frello Filho,84.7,57.4,Domenico Berardi,98.4,78.3,,
437,Domenico Berardi,98.4,78.3,Giovanni Di Lorenzo,88.9,77.2,,
438,Giovanni Di Lorenzo,86.7,78.0,Bryan Cristante,98.7,76.3,,
439,Giovanni Di Lorenzo,81.2,77.2,Domenico Berardi,110.4,61.2,Interception,Incomplete
440,Giovanni Di Lorenzo,105.3,80.0,Leonardo Bonucci,75.2,77.2,Throw-in,
441,Leonardo Bonucci,69.2,62.3,Giorgio Chiellini,63.2,44.3,,
442,Giorgio Chiellini,63.2,44.3,Marco Verratti,68.9,44.0,,
443,Marco Verratti,66.4,42.0,Giorgio Chiellini,64.4,28.3,,
444,Giorgio Chiellini,67.3,27.5,Marco Verratti,68.3,35.1,,
445,Marco Verratti,71.8,32.6,Emerson Palmieri dos Santos,85.0,4.6,,
446,Emerson Palmieri dos Santos,83.8,9.2,Marco Verratti,73.2,21.4,,
447,Marco Verratti,79.5,28.0,Federico Chiesa,91.8,2.6,,
448,Federico Chiesa,91.8,6.6,Marco Verratti,87.6,19.4,,
449,Marco Verratti,86.1,26.0,Lorenzo Insigne,97.2,32.6,,
450,Lorenzo Insigne,96.4,31.5,Jorge Luiz Frello Filho,81.0,38.6,,
451,Jorge Luiz Frello Filho,86.4,49.2,Giovanni Di Lorenzo,101.0,68.9,,
452,Giovanni Di Lorenzo,108.9,71.5,Emerson Palmieri dos Santos,105.6,32.6,,
453,Giorgio Chiellini,41.8,18.8,Marco Verratti,60.9,11.5,Recovery,Incomplete
454,Giorgio Chiellini,40.9,22.3,Bryan Cristante,48.6,31.2,Interception,Incomplete
455,Gianluigi Donnarumma,10.6,44.3,Marco Verratti,19.8,37.1,,
456,Marco Verratti,20.9,34.8,Giorgio Chiellini,18.9,24.6,,
457,Giorgio Chiellini,18.9,24.6,Jorge Luiz Frello Filho,30.9,44.3,,
458,Jorge Luiz Frello Filho,30.3,44.6,Leonardo Bonucci,16.9,46.6,,
459,Leonardo Bonucci,14.0,54.0,Giovanni Di Lorenzo,21.8,75.2,,
460,Giovanni Di Lorenzo,21.8,75.2,Bryan Cristante,38.3,77.2,,
461,Giovanni Di Lorenzo,28.0,80.0,Leonardo Bonucci,15.2,71.5,Throw-in,
462,Leonardo Bonucci,15.2,71.5,Gianluigi Donnarumma,12.0,38.6,,
463,Gianluigi Donnarumma,17.5,36.0,Giorgio Chiellini,38.9,22.6,,
464,Giorgio Chiellini,40.9,26.3,Marco Verratti,42.1,34.8,,
465,Marco Verratti,55.5,39.4,Jorge Luiz Frello Filho,50.9,48.3,,
466,Jorge Luiz Frello Filho,52.0,53.7,Giovanni Di Lorenzo,70.3,77.2,,
467,Giovanni Di Lorenzo,78.4,78.0,Domenico Berardi,88.0,78.9,,
468,Domenico Berardi,85.8,79.2,Bryan Cristante,89.5,69.8,,
469,Bryan Cristante,88.0,69.5,Domenico Berardi,117.8,63.2,,Incomplete
470,Leonardo Bonucci,49.4,50.4,Marco Verratti,59.5,36.3,,
471,Marco Verratti,72.6,27.7,Federico Chiesa,87.3,23.4,,
472,Giorgio Chiellini,87.0,0.1,Jorge Luiz Frello Filho,78.7,24.3,Throw-in,
473,Jorge Luiz Frello Filho,78.7,24.3,Leonardo Bonucci,60.4,25.2,,
474,Leonardo Bonucci,60.4,25.2,Marco Verratti,68.0,21.4,,
475,Marco Verratti,83.3,20.3,Lorenzo Insigne,93.2,2.8,,
476,Lorenzo Insigne,94.9,9.5,Domenico Berardi,117.0,48.3,,Incomplete
477,Gianluigi Donnarumma,16.0,41.7,Marco Verratti,33.2,48.6,,
478,Marco Verratti,33.5,43.5,Emerson Palmieri dos Santos,22.3,24.3,,
479,Emerson Palmieri dos Santos,22.3,24.3,Giorgio Chiellini,21.8,35.1,,
480,Giorgio Chiellini,21.8,35.1,Leonardo Bonucci,24.6,53.7,,
481,Leonardo Bonucci,40.1,56.0,Giovanni Di Lorenzo,47.7,76.0,,
482,Giovanni Di Lorenzo,50.0,76.0,Domenico Berardi,66.4,77.2,,
483,Domenico Berardi,65.0,76.6,Jorge Luiz Frello Filho,57.5,61.2,,
484,Jorge Luiz Frello Filho,57.5,57.7,Marco Verratti,54.0,47.5,,
485,Marco Verratti,67.0,32.8,Emerson Palmieri dos Santos,85.0,3.4,,
486,Emerson Palmieri dos Santos,84.7,12.2,Marco Verratti,76.9,22.3,,
487,Marco Verratti,81.2,26.6,Lorenzo Insigne,86.7,34.8,,
488,Lorenzo Insigne,87.3,35.7,Giovanni Di Lorenzo,71.8,53.1,,
489,Giovanni Di Lorenzo,72.9,58.9,Domenico Berardi,89.2,77.2,,
490,Domenico Berardi,107.0,73.0,Bryan Cristante,92.4,73.7,,
491,Bryan Cristante,90.6,72.4,Giovanni Di Lorenzo,74.1,73.0,,
492,Giovanni Di Lorenzo,76.1,68.6,Leonardo Bonucci,72.1,41.7,,
493,Leonardo Bonucci,76.9,41.4,Lorenzo Insigne,88.9,41.4,,
494,Lorenzo Insigne,85.0,48.9,Giovanni Di Lorenzo,80.7,66.6,,
495,Giovanni Di Lorenzo,80.7,66.6,Jorge Luiz Frello Filho,77.8,58.3,,
496,Jorge Luiz Frello Filho,77.8,58.3,Bryan Cristante,90.3,61.7,,
497,Bryan Cristante,90.3,61.7,Jorge Luiz Frello Filho,77.5,60.9,,
498,Jorge Luiz Frello Filho,77.5,60.9,Leonardo Bonucci,72.6,39.1,,
499,Leonardo Bonucci,72.6,39.1,Marco Verratti,77.8,29.8,,
500,Marco Verratti,86.4,27.2,Federico Chiesa,95.5,10.9,,
501,Federico Chiesa,98.1,18.8,Lorenzo Insigne,113.2,41.4,,Incomplete
502,Domenico Berardi,120.0,80.0,Bryan Cristante,112.9,50.6,Corner,
503,Bryan Cristante,113.1,50.2,Marco Verratti,114.3,35.8,,
504,Giorgio Chiellini,31.2,38.6,Gianluigi Donnarumma,12.3,45.5,Recovery,
505,Gianluigi Donnarumma,12.9,46.6,Leonardo Bonucci,18.0,46.6,,
506,Leonardo Bonucci,22.1,49.2,Lorenzo Insigne,88.0,10.9,,
507,Lorenzo Insigne,87.0,12.5,Emerson Palmieri dos Santos,83.8,22.3,,
508,Emerson Palmieri dos Santos,101.0,27.7,Lorenzo Insigne,99.0,18.0,,
509,Lorenzo Insigne,99.3,21.7,Federico Chiesa,92.1,44.9,,
510,Federico Chiesa,113.5,63.8,Domenico Berardi,111.5,0.8,,Out
511,Giorgio Chiellini,57.5,10.6,Emerson Palmieri dos Santos,64.1,3.7,Recovery,
512,Emerson Palmieri dos Santos,64.7,3.7,Marco Verratti,64.4,8.6,,
513,Marco Verratti,64.1,10.3,Leonardo Bonucci,48.3,23.7,,
514,Leonardo Bonucci,48.6,22.9,Giorgio Chiellini,47.1,8.6,,
515,Giorgio Chiellini,47.1,8.6,Gianluigi Donnarumma,16.3,26.6,,
516,Gianluigi Donnarumma,18.0,32.6,Giovanni Di Lorenzo,27.4,60.3,,
517,Giovanni Di Lorenzo,26.1,62.6,Bryan Cristante,40.4,76.9,,
518,Bryan Cristante,36.0,74.9,Leonardo Bonucci,19.5,49.2,,
519,Leonardo Bonucci,20.9,45.8,Giorgio Chiellini,26.1,14.2,,
520,Giorgio Chiellini,26.1,14.2,Marco Verratti,38.9,3.7,,
521,Marco Verratti,38.1,3.4,Lorenzo Insigne,56.3,3.4,,
522,Lorenzo Insigne,56.1,2.8,Jorge Luiz Frello Filho,49.7,19.1,,
523,Jorge Luiz Frello Filho,56.9,16.5,Emerson Palmieri dos Santos,72.9,5.4,,
524,Emerson Palmieri dos Santos,78.4,4.6,Marco Verratti,88.9,8.0,,
525,Marco Verratti,88.9,8.0,Domenico Berardi,92.9,10.0,,Incomplete
526,Emerson Palmieri dos Santos,87.6,0.1,Giorgio Chiellini,73.5,3.4,Throw-in,
527,Giorgio Chiellini,68.0,6.6,Leonardo Bonucci,47.7,32.1,,
528,Leonardo Bonucci,50.0,31.8,Giorgio Chiellini,51.5,16.8,,
529,Giorgio Chiellini,52.9,20.9,Leonardo Bonucci,48.0,33.4,,
530,Leonardo Bonucci,48.0,33.4,Jorge Luiz Frello Filho,55.2,24.3,,
531,Jorge Luiz Frello Filho,58.9,25.2,Lorenzo Insigne,71.2,28.6,,
532,Giorgio Chiellini,64.4,27.5,Leonardo Bonucci,47.1,38.0,,
533,Leonardo Bonucci,47.1,38.0,Marco Verratti,54.0,28.9,,
534,Marco Verratti,55.5,28.3,Lorenzo Insigne,61.2,27.5,,
535,Lorenzo Insigne,61.2,27.5,Marco Verratti,54.6,27.7,,
536,Marco Verratti,53.8,34.8,Jorge Luiz Frello Filho,51.7,44.0,,
537,Jorge Luiz Frello Filho,49.2,49.2,Leonardo Bonucci,44.4,35.7,,
538,Leonardo Bonucci,44.4,35.7,Giorgio Chiellini,45.5,26.0,,
539,Giorgio Chiellini,46.1,26.0,Jorge Luiz Frello Filho,48.6,53.4,,
540,Jorge Luiz Frello Filho,68.0,37.7,Marco Verratti,68.3,26.0,,
541,Marco Verratti,70.0,28.0,Lorenzo Insigne,76.1,33.4,,
542,Lorenzo Insigne,76.1,33.4,Jorge Luiz Frello Filho,69.2,37.4,,
543,Jorge Luiz Frello Filho,70.5,35.6,Lorenzo Insigne,81.9,33.9,,
544,Lorenzo Insigne,81.9,33.9,Marco Verratti,78.2,32.7,,Incomplete
545,Emerson Palmieri dos Santos,29.1,22.9,Gianluigi Donnarumma,3.8,29.8,Interception,
546,Gianluigi Donnarumma,4.9,33.4,Leonardo Bonucci,11.4,38.6,,
547,Leonardo Bonucci,12.9,36.8,Giorgio Chiellini,20.0,25.7,,
548,Giorgio Chiellini,20.0,25.7,Marco Verratti,24.4,29.2,,
549,Marco Verratti,26.8,32.3,Jorge Luiz Frello Filho,31.2,55.7,,
550,Jorge Luiz Frello Filho,35.5,61.7,Leonardo Bonucci,32.3,41.2,,
551,Leonardo Bonucci,36.0,40.3,Giorgio Chiellini,45.2,14.0,,
552,Giorgio Chiellini,47.4,12.0,Emerson Palmieri dos Santos,64.1,18.0,,
553,Emerson Palmieri dos Santos,64.7,17.4,Lorenzo Insigne,80.1,4.6,,
554,Lorenzo Insigne,76.6,7.2,Marco Verratti,76.4,9.5,,Incomplete
555,Marco Verratti,70.9,0.1,Leonardo Bonucci,54.9,29.5,Throw-in,
556,Leonardo Bonucci,54.9,29.5,Domenico Berardi,106.1,38.3,,
557,Giovanni Di Lorenzo,61.2,58.0,Jorge Luiz Frello Filho,68.6,56.6,Recovery,
558,Jorge Luiz Frello Filho,68.6,56.6,Bryan Cristante,65.0,50.4,,
559,Bryan Cristante,65.0,50.4,Domenico Berardi,78.7,51.8,,
560,Domenico Berardi,78.7,51.8,Bryan Cristante,69.8,48.9,,
561,Bryan Cristante,69.8,48.9,Marco Verratti,67.7,42.0,,
562,Marco Verratti,67.7,38.0,Federico Chiesa,78.1,28.9,,
563,Federico Chiesa,74.6,31.8,Lorenzo Insigne,87.6,45.8,,
564,Lorenzo Insigne,91.5,49.5,Bryan Cristante,99.0,36.0,,
565,Emerson Palmieri dos Santos,70.9,6.9,Lorenzo Insigne,91.5,22.6,Recovery,
566,Lorenzo Insigne,91.2,22.9,Marco Verratti,84.7,16.5,,
567,Marco Verratti,84.7,16.5,Lorenzo Insigne,90.1,23.7,,
568,Lorenzo Insigne,89.8,30.3,Federico Chiesa,98.7,16.3,,
569,Marco Verratti,93.2,2.0,Giorgio Chiellini,63.5,4.9,Free Kick,
570,Giorgio Chiellini,61.8,8.9,Marco Verratti,70.6,10.6,,
571,Marco Verratti,71.5,19.1,Leonardo Bonucci,55.5,32.1,,
572,Leonardo Bonucci,55.5,32.1,Giorgio Chiellini,61.2,22.9,,
573,Giorgio Chiellini,63.0,18.3,Marco Verratti,69.8,8.6,,
574,Marco Verratti,69.8,10.6,Giorgio Chiellini,61.2,20.6,,
575,Giorgio Chiellini,60.9,23.4,Leonardo Bonucci,56.9,45.2,,
576,Leonardo Bonucci,58.6,44.9,Jorge Luiz Frello Filho,62.4,29.5,,
577,Jorge Luiz Frello Filho,64.7,26.0,Marco Verratti,73.5,5.1,,
578,Marco Verratti,77.8,18.3,Federico Chiesa,83.8,28.9,,
579,Federico Chiesa,84.1,34.8,Bryan Cristante,97.8,34.5,,Incomplete
580,Giorgio Chiellini,47.7,0.1,Leonardo Bonucci,38.9,30.6,Throw-in,
581,Leonardo Bonucci,39.2,28.9,Marco Verratti,50.0,14.8,,
582,Marco Verratti,63.2,21.1,Lorenzo Insigne,70.9,27.5,,
583,Lorenzo Insigne,70.9,27.5,Leonardo Bonucci,49.2,36.0,,
584,Leonardo Bonucci,54.9,40.9,Marco Verratti,56.1,28.3,,
585,Marco Verratti,56.9,27.2,Giorgio Chiellini,67.5,18.6,,
586,Giorgio Chiellini,70.3,17.4,Federico Chiesa,82.7,22.0,,
587,Federico Chiesa,83.0,21.7,Marco Verratti,64.1,28.0,,
588,Marco Verratti,64.1,28.0,Jorge Luiz Frello Filho,68.0,40.3,,
589,Jorge Luiz Frello Filho,76.1,52.6,Marco Verratti,70.6,36.6,,
590,Marco Verratti,72.3,36.6,Federico Chiesa,85.3,38.9,,
591,Federico Chiesa,88.6,38.3,Lorenzo Insigne,94.7,36.3,,
592,Lorenzo Insigne,88.6,30.6,Jorge Luiz Frello Filho,67.7,43.7,,
593,Jorge Luiz Frello Filho,68.0,46.6,Leonardo Bonucci,63.5,35.1,,
594,Leonardo Bonucci,67.7,35.1,Giorgio Chiellini,73.8,7.2,,
595,Giorgio Chiellini,73.8,7.2,Marco Verratti,68.0,16.0,,
596,Marco Verratti,69.8,20.9,Jorge Luiz Frello Filho,64.4,46.0,,
597,Jorge Luiz Frello Filho,72.3,55.1,Bryan Cristante,86.4,66.3,,
598,Bryan Cristante,91.5,74.3,Domenico Berardi,96.7,79.2,,
599,Domenico Berardi,96.7,79.2,Giovanni Di Lorenzo,82.4,73.7,,
600,Giovanni Di Lorenzo,75.8,71.5,Leonardo Bonucci,61.2,47.8,,
601,Leonardo Bonucci,63.2,46.3,Marco Verratti,68.3,30.6,,
602,Marco Verratti,67.0,25.4,Giorgio Chiellini,71.8,11.8,,
603,Giorgio Chiellini,71.8,11.8,Emerson Palmieri dos Santos,87.0,2.0,,
604,Emerson Palmieri dos Santos,87.0,2.0,Giorgio Chiellini,70.6,7.4,,
605,Giorgio Chiellini,70.6,7.4,Marco Verratti,65.5,22.0,,
606,Marco Verratti,64.1,26.9,Jorge Luiz Frello Filho,72.3,40.0,,
607,Jorge Luiz Frello Filho,70.0,48.6,Giovanni Di Lorenzo,67.7,74.3,,
608,Giovanni Di Lorenzo,62.4,66.9,Marco Verratti,63.5,33.7,,
609,Marco Verratti,64.4,31.8,Giorgio Chiellini,68.6,16.3,,
610,Giorgio Chiellini,68.3,17.1,Federico Chiesa,78.4,27.2,,
611,Giorgio Chiellini,9.4,31.8,Marco Verratti,21.2,32.6,Recovery,
612,Marco Verratti,30.9,21.1,Federico Chiesa,40.9,16.8,,Incomplete
613,Gianluigi Donnarumma,7.0,36.1,Leonardo Bonucci,8.8,55.7,Goal Kick,
614,Leonardo Bonucci,17.2,53.1,Marco Verratti,21.8,36.3,,
615,Marco Verratti,20.0,39.4,Leonardo Bonucci,22.3,54.6,,
616,Leonardo Bonucci,30.0,55.4,Emerson Palmieri dos Santos,68.6,6.0,,
617,Emerson Palmieri dos Santos,65.3,20.0,Marco Verratti,54.6,26.6,,
618,Marco Verratti,54.6,26.6,Jorge Luiz Frello Filho,57.8,34.0,,
619,Jorge Luiz Frello Filho,60.7,30.3,Lorenzo Insigne,68.3,27.5,,
620,Lorenzo Insigne,68.3,27.5,Marco Verratti,61.5,21.7,,
621,Marco Verratti,62.7,21.7,Giorgio Chiellini,55.8,23.2,,
622,Giorgio Chiellini,56.3,26.3,Leonardo Bonucci,51.7,42.0,,
623,Leonardo Bonucci,56.1,47.8,Jorge Luiz Frello Filho,66.1,44.0,,
624,Gianluigi Donnarumma,7.0,44.1,Leonardo Bonucci,12.0,54.9,Goal Kick,
625,Leonardo Bonucci,19.5,57.7,Giorgio Chiellini,21.5,34.0,,
626,Giorgio Chiellini,25.5,30.6,Marco Verratti,36.6,19.7,,
627,Marco Verratti,35.8,27.5,Leonardo Bonucci,29.4,53.7,,
628,Leonardo Bonucci,35.2,52.4,Giorgio Chiellini,37.2,31.2,,
629,Giorgio Chiellini,48.6,30.3,Leonardo Bonucci,44.9,48.3,,
630,Leonardo Bonucci,44.4,48.1,Giorgio Chiellini,43.8,28.0,,
631,Giorgio Chiellini,40.9,23.7,Marco Verratti,51.7,6.6,,
632,Marco Verratti,47.4,14.5,Jorge Luiz Frello Filho,54.6,5.1,,
633,Jorge Luiz Frello Filho,54.6,5.1,Marco Verratti,47.1,12.8,,
634,Marco Verratti,50.3,23.7,Bryan Cristante,65.0,36.8,,
635,Marco Verratti,28.6,72.4,Federico Bernardeschi,46.7,52.1,,
636,Bryan Cristante,57.5,78.9,Federico Bernardeschi,67.7,69.5,,
637,Federico Bernardeschi,68.3,70.1,Marco Verratti,59.8,69.2,,
638,Marco Verratti,60.4,69.8,Giovanni Di Lorenzo,54.3,77.2,,Incomplete
639,Domenico Berardi,18.3,38.9,Marco Verratti,20.6,34.3,Recovery,
640,Giorgio Chiellini,26.1,31.2,Marco Verratti,35.2,16.5,Free Kick,
641,Marco Verratti,35.2,16.5,Giorgio Chiellini,32.6,27.7,,
642,Giorgio Chiellini,30.6,33.7,Leonardo Bonucci,32.3,52.1,,
643,Leonardo Bonucci,36.3,48.9,Giorgio Chiellini,41.8,31.5,,
644,Giorgio Chiellini,52.9,26.0,Marco Verratti,53.5,8.9,,
645,Marco Verratti,54.0,17.1,Jorge Luiz Frello Filho,52.3,38.3,,
646,Jorge Luiz Frello Filho,52.3,42.6,Marco Verratti,51.2,30.6,,
647,Marco Verratti,51.2,30.6,Giorgio Chiellini,54.6,21.4,,
648,Giorgio Chiellini,52.0,21.4,Marco Verratti,47.0,32.1,,
649,Marco Verratti,47.0,32.1,Jorge Luiz Frello Filho,53.2,49.2,,
650,Jorge Luiz Frello Filho,62.1,58.3,Domenico Berardi,82.4,58.9,,
651,Domenico Berardi,82.4,58.9,Bryan Cristante,87.0,66.1,,
652,Bryan Cristante,107.6,73.7,Lorenzo Insigne,107.0,4.0,,
653,Leonardo Bonucci,33.2,52.4,Gianluigi Donnarumma,10.3,44.6,Recovery,
654,Gianluigi Donnarumma,14.0,42.3,Giorgio Chiellini,28.0,32.6,,
655,Giorgio Chiellini,31.7,29.5,Marco Verratti,41.5,35.1,,
656,Marco Verratti,44.4,30.6,Giorgio Chiellini,46.7,21.7,,
657,Giorgio Chiellini,46.7,21.7,Marco Verratti,42.1,28.9,,
658,Marco Verratti,49.4,30.0,Jorge Luiz Frello Filho,47.7,42.0,,
659,Jorge Luiz Frello Filho,52.3,42.6,Emerson Palmieri dos Santos,95.2,4.9,,
660,Emerson Palmieri dos Santos,95.5,10.0,Giorgio Chiellini,77.8,14.0,,
661,Giorgio Chiellini,77.8,14.0,Marco Verratti,74.6,25.7,,
662,Marco Verratti,77.8,26.3,Emerson Palmieri dos Santos,89.5,24.9,,
663,Giorgio Chiellini,82.4,8.9,Lorenzo Insigne,90.1,4.9,Recovery,
664,Lorenzo Insigne,90.1,4.9,Marco Verratti,76.1,15.4,,
665,Marco Verratti,76.1,15.4,Giorgio Chiellini,80.4,7.2,,
666,Giorgio Chiellini,80.4,7.2,Marco Verratti,70.9,18.0,,
667,Marco Verratti,70.6,22.3,Leonardo Bonucci,63.8,36.0,,
668,Leonardo Bonucci,66.1,37.4,Lorenzo Insigne,95.5,2.8,,
669,Lorenzo Insigne,91.8,3.4,Giorgio Chiellini,85.0,8.9,,
670,Giorgio Chiellini,85.0,8.9,Marco Verratti,80.7,25.7,,
671,Marco Verratti,84.7,26.9,Jorge Luiz Frello Filho,78.4,38.3,,
672,Jorge Luiz Frello Filho,75.5,42.0,Giorgio Chiellini,78.7,24.3,,
673,Giorgio Chiellini,73.5,24.9,Leonardo Bonucci,60.7,43.5,,
674,Leonardo Bonucci,62.7,43.5,Giorgio Chiellini,64.4,25.4,,
675,Giorgio Chiellini,70.6,21.1,Marco Verratti,70.6,28.3,,
676,Marco Verratti,70.6,28.3,Giorgio Chiellini,74.1,19.7,,
677,Giorgio Chiellini,74.1,19.7,Marco Verratti,69.8,26.6,,
678,Marco Verratti,72.1,29.2,Jorge Luiz Frello Filho,68.0,42.9,,
679,Jorge Luiz Frello Filho,68.6,43.5,Giovanni Di Lorenzo,63.8,65.8,,
680,Giovanni Di Lorenzo,65.0,68.4,Domenico Berardi,76.9,77.5,,
681,Domenico Berardi,72.6,76.6,Leonardo Bonucci,51.2,44.3,,
682,Leonardo Bonucci,53.5,42.0,Marco Verratti,57.2,26.9,,
683,Marco Verratti,57.2,23.4,Lorenzo Insigne,77.8,2.6,,
684,Lorenzo Insigne,82.4,4.9,Marco Verratti,70.6,22.9,,
685,Marco Verratti,82.7,19.4,Lorenzo Insigne,92.9,13.4,,Incomplete
686,Giorgio Chiellini,57.2,22.9,Leonardo Bonucci,50.9,34.8,Recovery,
687,Leonardo Bonucci,53.2,36.0,Jorge Luiz Frello Filho,61.5,38.6,,
688,Jorge Luiz Frello Filho,61.8,48.1,Giorgio Chiellini,64.1,28.3,,
689,Giorgio Chiellini,69.2,20.6,Marco Verratti,70.9,30.3,,
690,Marco Verratti,70.9,30.3,Jorge Luiz Frello Filho,68.3,41.4,,
691,Jorge Luiz Frello Filho,70.0,38.3,Marco Verratti,69.2,27.2,,
692,Marco Verratti,66.7,28.9,Leonardo Bonucci,56.9,36.0,,
693,Leonardo Bonucci,68.3,45.5,Bryan Cristante,82.7,62.3,,
694,Bryan Cristante,86.7,68.9,Domenico Berardi,97.8,76.6,,
695,Domenico Berardi,100.1,76.0,Bryan Cristante,115.5,63.5,,
696,Bryan Cristante,116.7,63.5,Emerson Palmieri dos Santos,113.8,36.6,,Incomplete
697,Gianluigi Donnarumma,13.4,26.0,Giorgio Chiellini,43.2,20.9,,
698,Giorgio Chiellini,59.5,18.8,Jorge Luiz Frello Filho,57.2,26.3,,
699,Jorge Luiz Frello Filho,68.6,29.5,Bryan Cristante,101.8,43.7,,Incomplete
700,Leonardo Bonucci,60.4,28.6,Federico Bernardeschi,79.5,33.1,Interception,
701,Federico Bernardeschi,69.8,27.5,Emerson Palmieri dos Santos,76.9,23.2,,
702,Bryan Cristante,28.3,64.9,Domenico Berardi,54.9,80.0,Interception,Out
703,Giorgio Chiellini,62.1,6.9,Marco Verratti,71.9,7.8,Recovery,
704,Marco Verratti,71.9,7.8,Federico Bernardeschi,72.3,5.6,,Incomplete
705,Emerson Palmieri dos Santos,62.9,4.6,Marco Verratti,73.3,14.5,Recovery,Unknown
706,Marco Verratti,70.2,12.0,Giorgio Chiellini,62.8,12.0,Free Kick,
707,Giorgio Chiellini,62.8,12.0,Marco Verratti,67.7,13.2,,
708,Marco Verratti,65.5,15.5,Leonardo Bonucci,55.0,31.1,,
709,Leonardo Bonucci,56.8,33.9,Giorgio Chiellini,57.4,16.4,,
710,Giorgio Chiellini,63.7,13.2,Leonardo Bonucci,55.1,31.5,,
711,Leonardo Bonucci,60.3,34.2,Giorgio Chiellini,70.6,8.6,,
712,Giorgio Chiellini,72.3,4.6,Emerson Palmieri dos Santos,80.8,1.2,,
713,Emerson Palmieri dos Santos,80.8,1.2,Federico Bernardeschi,98.2,4.2,,
714,Federico Bernardeschi,101.1,4.0,,100.9,6.9,,Incomplete
715,Federico Bernardeschi,108.6,4.0,Emerson Palmieri dos Santos,110.9,4.4,,Pass Offside
716,Giorgio Chiellini,34.8,11.2,Marco Verratti,43.1,12.0,Recovery,
717,Marco Verratti,43.1,12.0,Andrea Belotti,53.4,13.7,,
718,Andrea Belotti,62.5,39.2,Bryan Cristante,65.4,63.8,,
719,Bryan Cristante,65.4,63.8,Domenico Berardi,103.8,55.5,,Unknown
720,Giovanni Di Lorenzo,22.7,80.0,Jorge Luiz Frello Filho,20.7,73.3,Throw-in,
721,Jorge Luiz Frello Filho,20.7,73.3,Giovanni Di Lorenzo,22.7,76.9,,
722,Giovanni Di Lorenzo,22.3,77.5,Jorge Luiz Frello Filho,18.4,76.2,,
723,Leonardo Bonucci,9.4,70.7,Jorge Luiz Frello Filho,18.0,67.6,Free Kick,
724,Jorge Luiz Frello Filho,18.0,67.6,Leonardo Bonucci,10.2,70.2,,
725,Leonardo Bonucci,9.7,68.8,Gianluigi Donnarumma,7.3,43.7,,
726,Gianluigi Donnarumma,11.6,43.1,Giorgio Chiellini,14.7,35.7,,
727,Giorgio Chiellini,16.4,35.4,Leonardo Bonucci,21.0,51.8,,
728,Leonardo Bonucci,25.9,52.2,Giorgio Chiellini,31.3,29.7,,
729,Giorgio Chiellini,32.3,29.4,Leonardo Bonucci,39.4,44.8,,
730,Leonardo Bonucci,42.1,41.3,Giorgio Chiellini,42.2,24.0,,
731,Giorgio Chiellini,42.1,21.1,Marco Verratti,48.3,12.6,,
732,Marco Verratti,48.9,19.4,Leonardo Bonucci,42.1,37.6,,
733,Leonardo Bonucci,43.8,37.2,Marco Verratti,48.3,28.5,,
734,Marco Verratti,49.9,28.5,Giorgio Chiellini,55.7,12.0,,
735,Giorgio Chiellini,61.5,9.1,Emerson Palmieri dos Santos,69.4,1.0,,
736,Emerson Palmieri dos Santos,69.4,1.0,Giorgio Chiellini,55.1,3.9,,
737,Giorgio Chiellini,46.6,6.4,Leonardo Bonucci,40.9,26.1,,
738,Leonardo Bonucci,45.9,32.2,Domenico Berardi,108.3,51.7,,Incomplete
739,Gianluigi Donnarumma,6.0,36.0,Giorgio Chiellini,21.9,26.8,Goal Kick,
740,Giorgio Chiellini,30.1,25.7,Manuel Locatelli,34.7,13.9,,
741,Manuel Locatelli,40.4,13.3,Leonardo Bonucci,29.2,40.5,,
742,Leonardo Bonucci,41.4,42.6,Giorgio Chiellini,47.6,26.1,,
743,Giorgio Chiellini,57.4,26.1,Leonardo Bonucci,52.6,38.3,,
744,Leonardo Bonucci,54.6,38.8,Federico Bernardeschi,77.7,23.4,,
745,Federico Bernardeschi,77.7,23.4,Andrea Belotti,89.5,38.8,,Incomplete
746,Giovanni Di Lorenzo,47.2,80.0,Domenico Berardi,55.0,70.8,Throw-in,
747,Domenico Berardi,50.8,71.9,Giovanni Di Lorenzo,50.3,77.5,,
748,Giovanni Di Lorenzo,106.9,67.8,Andrea Belotti,110.4,47.9,,Incomplete
749,Giovanni Di Lorenzo,86.5,80.0,Jorge Luiz Frello Filho,82.4,73.8,Throw-in,
750,Jorge Luiz Frello Filho,79.4,71.9,Giorgio Chiellini,69.9,50.8,,
751,Giorgio Chiellini,74.1,37.5,Manuel Locatelli,74.1,41.9,,
752,Manuel Locatelli,74.1,35.9,Emerson Palmieri dos Santos,69.9,13.5,,
753,Emerson Palmieri dos Santos,69.9,13.5,Manuel Locatelli,65.4,35.6,,
754,Manuel Locatelli,64.2,40.0,Leonardo Bonucci,57.4,52.1,,
755,Leonardo Bonucci,57.4,52.1,Manuel Locatelli,57.4,43.0,,
756,Manuel Locatelli,61.5,44.1,Giovanni Di Lorenzo,64.1,62.4,,
757,Giovanni Di Lorenzo,63.2,68.6,Domenico Berardi,79.4,75.8,,
758,Domenico Berardi,77.4,72.1,Andrea Belotti,86.9,51.8,,
759,Andrea Belotti,23.2,47.0,Domenico Berardi,64.9,63.3,Recovery,Incomplete
760,Leonardo Bonucci,39.6,41.7,Manuel Locatelli,46.2,57.2,Recovery,
761,Manuel Locatelli,47.8,57.9,Leonardo Bonucci,41.7,46.7,,
762,Leonardo Bonucci,41.7,46.7,Andrea Belotti,63.2,33.5,,Pass Offside
763,Gianluigi Donnarumma,6.0,44.0,Giorgio Chiellini,10.4,30.4,Goal Kick,
764,Giorgio Chiellini,17.2,29.8,Leonardo Bonucci,9.3,48.4,,
765,Leonardo Bonucci,9.3,44.3,Giorgio Chiellini,22.3,21.1,,
766,Giorgio Chiellini,40.9,9.0,Emerson Palmieri dos Santos,65.2,4.0,,Incomplete
767,Emerson Palmieri dos Santos,70.7,0.1,Federico Bernardeschi,76.4,5.0,Throw-in,
768,Federico Bernardeschi,77.7,5.0,Emerson Palmieri dos Santos,71.3,1.6,,
769,Emerson Palmieri dos Santos,70.7,1.6,Manuel Locatelli,87.6,12.0,,Incomplete
770,Emerson Palmieri dos Santos,37.3,0.1,Giorgio Chiellini,26.9,6.0,Throw-in,
771,Giorgio Chiellini,26.9,9.4,Leonardo Bonucci,25.2,30.2,,
772,Leonardo Bonucci,26.1,31.1,Bryan Cristante,38.3,21.1,,
773,Bryan Cristante,38.3,21.1,Leonardo Bonucci,27.5,30.2,,
774,Leonardo Bonucci,33.1,30.9,Giorgio Chiellini,38.3,14.7,,
775,Giorgio Chiellini,45.1,16.0,Leonardo Bonucci,38.8,36.3,,
776,Leonardo Bonucci,43.1,36.1,Andrea Belotti,72.0,36.5,,
777,Andrea Belotti,72.9,36.7,Federico Bernardeschi,75.4,30.1,,
778,Federico Bernardeschi,79.1,25.7,Emerson Palmieri dos Santos,103.4,6.4,,Incomplete
779,Emerson Palmieri dos Santos,111.5,17.7,Federico Bernardeschi,117.3,35.6,,Incomplete
780,Leonardo Bonucci,29.7,24.4,Gianluigi Donnarumma,9.4,27.2,Interception,
781,Gianluigi Donnarumma,12.7,29.7,Leonardo Bonucci,18.9,39.6,,
782,Leonardo Bonucci,19.3,39.6,Giorgio Chiellini,21.5,23.4,,
783,Giorgio Chiellini,30.9,23.4,Leonardo Bonucci,31.4,42.3,,
784,Leonardo Bonucci,49.6,54.3,Domenico Berardi,67.3,74.1,,
785,Domenico Berardi,65.5,75.0,Giovanni Di Lorenzo,48.9,75.6,,
786,Giovanni Di Lorenzo,49.2,73.6,Leonardo Bonucci,40.5,62.5,,
787,Leonardo Bonucci,40.9,59.3,Giorgio Chiellini,44.3,23.8,,
788,Giorgio Chiellini,50.0,21.9,Emerson Palmieri dos Santos,70.7,2.1,,
789,Emerson Palmieri dos Santos,70.7,1.7,Bryan Cristante,64.6,12.6,,
790,Bryan Cristante,63.3,19.3,Manuel Locatelli,99.9,45.1,,Incomplete
791,Federico Bernardeschi,89.5,35.7,Manuel Locatelli,94.7,43.0,,
792,Giovanni Di Lorenzo,57.8,43.9,Jorge Luiz Frello Filho,60.4,45.6,Recovery,
793,Jorge Luiz Frello Filho,61.6,30.2,Giorgio Chiellini,73.3,7.4,Free Kick,
794,Giorgio Chiellini,76.2,7.3,Bryan Cristante,69.8,21.9,,
795,Bryan Cristante,71.9,26.4,Jorge Luiz Frello Filho,73.2,38.8,,
796,Jorge Luiz Frello Filho,72.7,40.5,Giovanni Di Lorenzo,64.9,55.3,,
797,Giovanni Di Lorenzo,66.2,56.0,Manuel Locatelli,105.5,62.4,,
798,Manuel Locatelli,108.1,62.6,Federico Bernardeschi,111.5,44.8,,Incomplete
799,Leonardo Bonucci,22.3,59.1,Manuel Locatelli,36.7,53.4,Recovery,Incomplete
800,Giovanni Di Lorenzo,16.8,70.7,Domenico Berardi,25.7,70.2,Recovery,
801,Domenico Berardi,25.7,70.2,Manuel Locatelli,25.3,67.1,,Incomplete
802,Domenico Berardi,23.5,69.8,Manuel Locatelli,28.6,53.0,Recovery,Unknown
803,Andrea Belotti,61.0,40.1,Jorge Luiz Frello Filho,48.6,40.9,Kick Off,
804,Jorge Luiz Frello Filho,48.0,38.9,Bryan Cristante,43.8,22.9,,
805,Bryan Cristante,44.4,21.1,Giorgio Chiellini,49.4,9.7,,
806,Giorgio Chiellini,49.4,18.6,Leonardo Bonucci,38.9,40.9,,
807,Leonardo Bonucci,43.2,42.0,Federico Bernardeschi,75.8,32.1,,
808,Federico Bernardeschi,76.4,28.6,Emerson Palmieri dos Santos,85.0,4.6,,
809,Emerson Palmieri dos Santos,88.3,8.3,Bryan Cristante,72.3,14.5,,
810,Bryan Cristante,71.5,23.7,Leonardo Bonucci,59.5,45.5,,
811,Leonardo Bonucci,64.4,47.8,Andrea Belotti,88.9,44.6,,Unknown
812,Emerson Palmieri dos Santos,4.3,19.4,Federico Bernardeschi,26.1,6.6,Recovery,
813,Giorgio Chiellini,18.9,28.3,Leonardo Bonucci,18.6,39.4,Recovery,
814,Leonardo Bonucci,22.1,42.0,Manuel Locatelli,52.9,28.6,,
815,Manuel Locatelli,86.1,23.2,Andrea Belotti,98.1,22.9,,Pass Offside
816,Giorgio Chiellini,24.9,24.9,Bryan Cristante,37.8,10.9,Recovery,Incomplete
817,Emerson Palmieri dos Santos,29.1,0.1,Bryan Cristante,32.0,9.2,Throw-in,
818,Bryan Cristante,32.0,9.2,Emerson Palmieri dos Santos,42.1,3.1,,
819,Emerson Palmieri dos Santos,47.1,4.9,Andrea Belotti,68.3,24.0,,Incomplete
820,Giorgio Chiellini,3.2,28.6,Emerson Palmieri dos Santos,1.5,8.9,,
821,Emerson Palmieri dos Santos,4.9,4.0,Andrea Belotti,53.2,14.0,,Incomplete
822,Giovanni Di Lorenzo,16.0,68.6,Domenico Berardi,23.2,65.2,Interception,
823,Domenico Berardi,23.2,65.2,,68.3,80.0,,Out
824,Emerson Palmieri dos Santos,28.0,24.0,Jorge Luiz Frello Filho,38.9,32.1,,Incomplete
825,Gianluigi Donnarumma,10.3,46.3,Leonardo Bonucci,24.1,45.8,,
826,Leonardo Bonucci,24.4,41.7,Giorgio Chiellini,24.1,31.5,,
827,Giorgio Chiellini,24.1,31.5,Leonardo Bonucci,23.8,43.2,,
828,Leonardo Bonucci,31.2,50.1,Giovanni Di Lorenzo,34.3,76.9,,
829,Giovanni Di Lorenzo,34.3,76.9,Domenico Berardi,64.1,53.1,,
830,Domenico Berardi,63.2,52.1,Andrea Belotti,65.5,51.2,,Incomplete
831,Federico Bernardeschi,62.7,32.8,Emerson Palmieri dos Santos,68.6,7.4,,
832,Emerson Palmieri dos Santos,69.5,10.6,Bryan Cristante,60.1,23.7,,
833,Bryan Cristante,62.7,28.6,Leonardo Bonucci,57.5,48.3,,
834,Leonardo Bonucci,57.5,48.3,Bryan Cristante,60.7,36.0,,
835,Bryan Cristante,64.7,30.9,Giorgio Chiellini,68.0,8.9,,
836,Giorgio Chiellini,68.0,8.9,Emerson Palmieri dos Santos,77.8,3.4,,
837,Emerson Palmieri dos Santos,75.5,7.2,Giorgio Chiellini,64.4,4.9,,
838,Giorgio Chiellini,64.4,4.9,Bryan Cristante,54.0,28.3,,
839,Bryan Cristante,58.1,43.5,Giovanni Di Lorenzo,63.0,63.8,,
840,Giovanni Di Lorenzo,65.0,65.8,Bryan Cristante,62.1,39.1,,
841,Bryan Cristante,65.8,33.7,Emerson Palmieri dos Santos,87.6,4.6,,
842,Emerson Palmieri dos Santos,89.8,10.9,Federico Bernardeschi,110.1,27.5,,
843,Federico Bernardeschi,110.9,24.9,Andrea Belotti,110.9,28.3,,Incomplete
844,Giovanni Di Lorenzo,25.8,72.1,Manuel Locatelli,33.7,69.5,Recovery,Incomplete
845,Gianluigi Donnarumma,7.0,44.1,Leonardo Bonucci,7.1,52.6,Goal Kick,
846,Leonardo Bonucci,9.7,53.7,Giorgio Chiellini,8.6,29.8,,
847,Giorgio Chiellini,14.0,28.3,Leonardo Bonucci,14.6,49.8,,
848,Leonardo Bonucci,18.6,45.5,Alessandro Florenzi,51.7,4.9,,
849,Alessandro Florenzi,51.7,4.9,Federico Bernardeschi,85.0,0.5,,Out
850,Giovanni Di Lorenzo,56.3,80.0,Leonardo Bonucci,36.3,74.6,Throw-in,
851,Leonardo Bonucci,36.0,66.6,Giorgio Chiellini,38.1,45.2,,
852,Giorgio Chiellini,41.2,34.0,Jorge Luiz Frello Filho,49.2,49.5,,
853,Jorge Luiz Frello Filho,57.2,58.0,Giovanni Di Lorenzo,48.3,70.1,,
854,Giovanni Di Lorenzo,48.3,70.1,Leonardo Bonucci,43.2,44.6,,
855,Leonardo Bonucci,48.9,32.1,Alessandro Florenzi,76.9,5.1,,
856,Alessandro Florenzi,85.3,5.1,Bryan Cristante,71.8,16.0,,
857,Bryan Cristante,71.5,20.9,Jorge Luiz Frello Filho,69.2,40.0,,
858,Jorge Luiz Frello Filho,66.7,46.3,Leonardo Bonucci,60.1,34.3,,
859,Leonardo Bonucci,60.1,34.3,Bryan Cristante,63.5,28.3,,
860,Bryan Cristante,64.1,25.4,Giorgio Chiellini,73.2,5.4,,
861,Giorgio Chiellini,73.2,5.4,Alessandro Florenzi,92.4,2.6,,
862,Alessandro Florenzi,107.6,7.7,,107.3,14.8,,Incomplete
863,Federico Bernardeschi,120.0,0.1,Bryan Cristante,113.2,36.0,Corner,
864,Andrea Belotti,119.0,73.0,,116.7,51.2,,Incomplete
865,Alessandro Florenzi,63.0,52.6,Domenico Berardi,76.9,77.5,Recovery,
866,Domenico Berardi,72.1,78.3,Jorge Luiz Frello Filho,55.5,77.7,,
867,Jorge Luiz Frello Filho,48.6,49.8,Giovanni Di Lorenzo,48.9,68.9,,
868,Giovanni Di Lorenzo,57.5,78.3,Jorge Luiz Frello Filho,50.6,72.7,Free Kick,
869,Jorge Luiz Frello Filho,56.6,53.7,Bryan Cristante,56.6,36.0,,
870,Bryan Cristante,63.0,33.7,Alessandro Florenzi,78.4,11.2,,
871,Alessandro Florenzi,87.9,11.8,Federico Bernardeschi,106.4,4.6,,
872,Leonardo Bonucci,57.2,6.9,Giorgio Chiellini,68.3,8.3,Recovery,
873,Bryan Cristante,57.2,16.5,Alessandro Florenzi,60.7,9.2,,
874,Alessandro Florenzi,60.7,9.2,Jorge Luiz Frello Filho,63.2,16.3,,
875,Jorge Luiz Frello Filho,63.8,18.0,Manuel Locatelli,67.7,26.3,,
876,Manuel Locatelli,65.8,29.2,Giovanni Di Lorenzo,54.3,44.0,,
877,Giovanni Di Lorenzo,55.5,50.4,Bryan Cristante,63.5,28.0,,
878,Bryan Cristante,66.7,26.6,Alessandro Florenzi,90.3,2.6,,
879,Alessandro Florenzi,89.2,8.9,Bryan Cristante,76.4,16.5,,
880,Bryan Cristante,74.9,19.1,Jorge Luiz Frello Filho,78.1,32.1,,
881,Jorge Luiz Frello Filho,78.7,39.1,Giovanni Di Lorenzo,76.1,60.9,,
882,Giovanni Di Lorenzo,96.4,69.2,Domenico Berardi,101.0,77.7,,
883,Domenico Berardi,96.1,75.7,Andrea Belotti,120.0,30.0,,Out
884,Alessandro Florenzi,19.5,8.3,Bryan Cristante,29.7,0.8,Recovery,Out
